﻿<?xml version="1.0" encoding="utf-8"?>
<publishData>
  <publishProfile publishUrl="D:\www" deleteExistingFiles="False" ftpAnonymousLogin="False" ftpPassiveMode="True" msdeploySite="" msdeploySiteID="" msdeployRemoteSitePhysicalPath="" msdeployAllowUntrustedCertificate="False" msdeploySkipExtraFilesOnServer="True" msdeployMarkAsApp="False" profileName="Profile1" publishMethod="FileSystem" replaceMatchingFiles="True" userName="" savePWD="False" userPWD="" SelectedForPublish="True">
    <file relUrl="Web.config" publishTime="10/22/2016 02:13:40" />
    <file relUrl="bin/Models.pdb" publishTime="10/22/2016 02:13:35" />
    <file relUrl="StoreService.asmx" publishTime="10/21/2016 16:13:26" />
    <file relUrl="Scripts/jquery-1.4.1-vsdoc.js" publishTime="10/21/2016 17:45:48" />
    <file relUrl="Account/Web.config" publishTime="10/21/2016 17:45:48" />
    <file relUrl="OrderService.asmx" publishTime="10/21/2016 16:14:14" />
    <file relUrl="Account/Register.aspx" publishTime="10/21/2016 17:45:48" />
    <file relUrl="bin/Entities.dll" publishTime="10/22/2016 02:13:35" />
    <file relUrl="bin/Models.dll" publishTime="10/22/2016 02:13:35" />
    <file relUrl="Account/ChangePasswordSuccess.aspx" publishTime="10/21/2016 17:45:48" />
    <file relUrl="Account/Login.aspx" publishTime="10/21/2016 17:45:48" />
    <file relUrl="Styles/Site.css" publishTime="10/21/2016 17:45:48" />
    <file relUrl="Scripts/jquery-1.4.1.js" publishTime="10/21/2016 17:45:48" />
    <file relUrl="Account/ChangePassword.aspx" publishTime="10/21/2016 17:45:48" />
    <file relUrl="bin/Entities.pdb" publishTime="10/22/2016 02:13:35" />
    <file relUrl="Global.asax" publishTime="10/21/2016 17:45:48" />
    <file relUrl="UserService.asmx" publishTime="10/21/2016 15:00:12" />
    <file relUrl="bin/RestaurantService2.dll" publishTime="10/22/2016 02:13:36" />
    <file relUrl="Scripts/jquery-1.4.1.min.js" publishTime="10/21/2016 17:45:48" />
    <file relUrl="bin/RestaurantService2.pdb" publishTime="10/22/2016 02:13:36" />
  </publishProfile>
</publishData>